Review,Sentiment
"This book was a captivating read, couldn't put it down!",Positive
"The characters were well-developed, and the plot kept me engaged.",Positive
"Disappointed with the ending, felt unresolved.",Negative
A masterpiece! The author's writing style is incredible.,Positive
The story felt dull and lacked excitement.,Negative
"I loved every page of this book, highly recommend!",Positive
"The plot twists were predictable, didn't enjoy it.",Negative
"Couldn't connect with the characters, not my cup of tea.",Negative
"This book exceeded my expectations, a must-read!",Positive
"The writing was confusing, had trouble following the storyline.",Negative
The themes explored in this book are thought-provoking.,Positive
"Not a fan of the author's writing style, couldn't finish it.",Negative
Absolutely loved the characters and the emotional depth of the story.,Positive
The book was too lengthy and felt dragged out.,Negative
"Engaging from start to finish, couldn't ask for more.",Positive
"The dialogue felt forced, and the pacing was off.",Negative
"A beautiful and heartwarming story, made me cry.",Positive
"The book arrived damaged, very disappointed with the condition.",Negative
"This book changed my perspective, a life-changing read.",Positive
"The plot was intriguing, but the ending was a letdown.",Negative
"The writing is poetic and immersive, loved it.",Positive
"Too many typos and errors, it distracted from the story.",Negative
"The characters felt relatable, and I couldn't put the book down.",Positive
"Expected more from the plot, didn't live up to the hype.",Negative
"This book stayed with me long after I finished it, a true gem.",Positive
"The narrative lacked depth, and the characters were one-dimensional.",Negative
"Thoroughly enjoyed every chapter, a page-turner.",Positive
"The book arrived ahead of schedule, great service!",Positive
"Couldn't get into the story, the pacing was too slow.",Negative
The themes explored in this book are relevant and timely.,Positive
"The plot twists were contrived, didn't make sense.",Negative
"A beautifully written novel, I couldn't recommend it enough.",Positive
"The book felt rushed, and the conclusion was unsatisfying.",Negative
"This book made me laugh and cry, a rollercoaster of emotions.",Positive
"The characters were forgettable, and the plot was uninspired.",Negative
"A literary masterpiece, every sentence is a work of art.",Positive
"The book had potential, but the execution fell flat.",Negative
"A delightful read, perfect for a cozy evening.",Positive
"The plot was confusing, and the story lacked coherence.",Negative
"I couldn't put this book down, it kept me on the edge of my seat.",Positive
"The writing style was pretentious, and the characters were unlikable.",Negative
"This book transported me to another world, a fantastic escape.",Positive
"The narrative was disjointed, and the characters felt disconnected.",Negative
"An absolute page-turner, I finished it in one sitting.",Positive
"The book felt clich√©, and the storyline was predictable.",Negative
"The themes explored are profound, a thought-provoking read.",Positive
"The book had potential, but it failed to deliver.",Negative
